{"is_source_file": false, "format": "", "description": "", "external_files": [], "external_methods": [], "published": [], "classes": [], "methods": [], "calls": [], "search-terms": [], "state": 2, "file_id": 11, "knowledge_revision": 7, "git_revision": "6bb5f1ba30cb3fcfec4e28e1f63b2f69353c0013", "hash": "7257b09497209db27892f2c874b55b10", "format-version": 4, "code-base-name": "tic_tac_toe_frontend", "filename": "README.md", "revision_history": [{"7": "6bb5f1ba30cb3fcfec4e28e1f63b2f69353c0013"}]}